ID,Sample_ID,Prompt,Target,Completion,Final_Answer,Accuracy,Settings
1,86,"<｜begin▁of▁sentence｜><｜User｜>Greg has an alarm set to ring three times a day as a reminder. When the alarm goes off, it continues to ring until Greg turns it off. The first time it went off today, it rang four times. The second time it went off, it rang for three times as long as the first time. The third time, it rang for half as long as the second time. How many times did the alarm ring in all? Lets think step by step and output the final answer after ""####"".",22,"First, I need to figure out how many times the alarm rings each time it goes off.

The first alarm rings four times.

The second alarm rings three times as long as the first one. So that's 4 multiplied by 3, which equals 12 times.

The third alarm rings half as long as the second one. Half of 12 is 6, so it rings six times.

Now, adding them up: 4 plus 12 plus 6 equals 22.
</think>

To determine the total number of times Greg's alarm rings throughout the day, let's break down each instance:

1. **First Alarm:** It rings **4 times**.
2. **Second Alarm:** It rings **three times as long** as the first alarm.  
   \[
   4 \times 3 = 12 \text{ times}
   \]
3. **Third Alarm:** It rings **half as long** as the second alarm.  
   \[
   12 \div 2 = 6 \text{ times}
   \]

Adding them all together:
\[
4 + 12 + 6 = 22
\]

So, the alarm rings a total of **22 times**.

\boxed{22}",22,TRUE,Settings_46
2,86,"<｜begin▁of▁sentence｜><｜User｜>Greg has an alarm set to ring three times a day as a reminder. When the alarm goes off, it continues to ring until Greg turns it off. The first time it went off today, it rang four times. The second time it went off, it rang for three times as long as the first time. The third time, it rang for half as long as the second time. How many times did the alarm ring in all? Lets think step by step and output the final answer after ""####"".",22,"First, I need to determine how many times the alarm rings each time it goes off.

The first alarm rings four times.

The second alarm rings three times as long as the first one. So, if the first was four times, then the second would be 4 multiplied by 3, which is 12 times.

The third alarm rings half as long as the second one. Since the second was 12 times, half of that is 6 times.

Now, adding up all the rings: 4 (first) + 12 (second) + 6 (third) equals 22 total rings.
</think>

Let's break down the problem step by step:

1. **First Alarm Ring:**  
   The alarm rings **4 times** when it goes off for the first time.

2. **Second Alarm Ring:**  
   It rings **three times as long** as the first time.  
   \[
   4 \text{ times} \times 3 = 12 \text{ times}
   \]

3. **Third Alarm Ring:**  
   It rings **half as long** as the second time.  
   \[
   12 \text{ times} \div 2 = 6 \text{ times}
   \]

4. **Total Number of Rings:**  
   Adding up all the rings:
   \[
   4 \text{ (first)} + 12 \text{ (second)} + 6 \text{ (third)} = 22 \text{ times}
   \]

\boxed{22}",22,TRUE,Settings_65
3,86,"<｜begin▁of▁sentence｜><｜User｜>Greg has an alarm set to ring three times a day as a reminder. When the alarm goes off, it continues to ring until Greg turns it off. The first time it went off today, it rang four times. The second time it went off, it rang for three times as long as the first time. The third time, it rang for half as long as the second time. How many times did the alarm ring in all? Lets think step by step and output the final answer after ""####"".",22,"First, I need to figure out how many times the alarm rings each time it goes off.

The problem says that Greg's alarm rings three times a day. Wait, does this mean it rings three times total or three times per instance when it goes off?

Hmm, maybe I should read the problem again carefully.

""Greg has an alarm set to ring three times a day as a reminder."" So overall, he wants the alarm to ring three times daily. But when it goes off, it continues to ring until he turns it off.

So perhaps each time the alarm is triggered, it rings multiple times before being turned off.

Wait, but then it mentions: ""the first time it went off today, it rang four times. The second time it went off, it rang for three times as long as the first time. The third time, it rang for half as long as the second time.""

Oh, so there were three instances where the alarm went off today. Each time, it started ringing and continued until turned off.

So:

1st alarm: 4 rings

2nd alarm: 3 times as long as the first time. Since the first time was 4 rings, the second time would be 3 * 4 = 12 rings.

But wait, what does ""three times as long as the first time"" mean exactly? Does it refer to duration (like seconds) or number of rings?

I think since we're talking about how many times it rings, it refers to the count of rings, not the duration.

Therefore, if the first time it went off, it rang four times, the second time it went off, it rang three times as long as the first time—so 3*4=12 rings.

Similarly, the third time, it rang half as long as the second time, which would be 12 / 2 = 6 rings.

Now, adding them up: 4 + 12 + 6 = 22 rings.

But let me double-check because sometimes these problems can be tricky with wording.

Another interpretation could be that the alarm is set to ring three times a day automatically, regardless of being turned off. But the problem states that it rings three times a day as a reminder, but when it goes off, it continues to ring until turned off.

So, perhaps the initial setting is different from the actual behavior.

Alternatively, maybe the alarm is supposed to ring three times on its own, but due to being turned off, it only rings partway through each session.

But given the way the question is phrased—""the first time it went off today, it rang four times""—it seems like each time the alarm was interrupted, it started ringing again and kept going until turned off.

Thus, each interruption caused the alarm to ring more times than intended.

Given that, the counts are 4, 12, and 6, totaling 22 rings.
</think>

The alarm rings 4 times the first time, 12 times the second time, and 6 times the third time. Adding these together gives a total of 22 rings.

####  
The alarm rang a total of \boxed{22} times.",22,TRUE,Settings_0
4,86,"<｜begin▁of▁sentence｜><｜User｜>Greg has an alarm set to ring three times a day as a reminder. When the alarm goes off, it continues to ring until Greg turns it off. The first time it went off today, it rang four times. The second time it went off, it rang for three times as long as the first time. The third time, it rang for half as long as the second time. How many times did the alarm ring in all? Lets think step by step and output the final answer after ""####"".",22,"First, I need to figure out how many times the alarm rings each time it goes off.

The problem says that Greg's alarm rings three times a day as a reminder. But when it goes off, it continues to ring until he turns it off. So, each time the alarm rings, it will ring multiple times before being turned off.

Let me break down the information given:

1. First time it went off: it rang four times.
2. Second time it went off: it rang for three times as long as the first time.
3. Third time it went off: it rang for half as long as the second time.

So, starting with the first alarm, which rings four times.

For the second alarm, since it's three times as long as the first time, I should multiply the number of rings from the first time by three. That would be 4 * 3 = 12 rings.

Then, for the third alarm, it's half as long as the second time. So, I take the number of rings from the second time (which is 12) and divide it by two. That gives me 6 rings.

Now, to find the total number of times the alarm rang throughout the day, I need to add up the rings from all three alarms. That means adding 4 + 12 + 6 together.

Adding them up: 4 plus 12 is 16, and then 16 plus 6 equals 22.

Therefore, the alarm rang a total of 22 times today.
</think>

### Solution:

1. **First Alarm:** Rings 4 times.
2. **Second Alarm:** Rings \( 4 \times 3 = 12 \) times.
3. **Third Alarm:** Rings \( 12 \div 2 = 6 \) times.

**Total Rings:**  
\( 4 + 12 + 6 = 22 \)

\boxed{22}",22,TRUE,Settings_37
5,86,"<｜begin▁of▁sentence｜><｜User｜>Greg has an alarm set to ring three times a day as a reminder. When the alarm goes off, it continues to ring until Greg turns it off. The first time it went off today, it rang four times. The second time it went off, it rang for three times as long as the first time. The third time, it rang for half as long as the second time. How many times did the alarm ring in all? Lets think step by step and output the final answer after ""####"".",22,"First, I need to figure out how many times the alarm rings each time it goes off.

The problem says that Greg's alarm rings three times a day as a reminder. Wait, does this mean the alarm is set to ring three times automatically every day, or does it ring three times total throughout the day regardless of when it's set?

Hmm, reading the problem again: ""Greg has an alarm set to ring three times a day as a reminder."" So, it sounds like the alarm is programmed to ring three times daily. But then it mentions specific instances when it went off: the first time it went off today, it rang four times; the second time, three times as long as the first; the third time, half as long as the second.

Wait, maybe I misinterpreted earlier. Let me read carefully:

""The first time it went off today, it rang four times. The second time it went off, it rang for three times as long as the first time. The third time, it rang for half as long as the second time.""

So, perhaps the alarm was supposed to ring three times a day, but sometimes it rings more or less depending on when Greg turns it off.

But actually, no—the wording is a bit confusing. It says Greg has an alarm set to ring three times a day. Then, when it goes off, it continues to ring until he turns it off. So, each time the alarm goes off, it starts ringing and keeps going until turned off. The number of rings depends on how long Greg lets it ring each time.

So, the first time it went off, it rang four times. That means Greg had it ring four times before turning it off. Then, the second time it went off, it rang for three times as long as the first time. Since the first time it rang four times, the second time it would ring 4 * 3 = 12 times. Then, the third time, it rang half as long as the second time, so 12 / 2 = 6 times.

Therefore, adding them up: 4 + 12 + 6 = 22 times in total.

Wait, but hold on—does ""three times as long"" refer to the duration or the number of rings? Because if the alarm rings four times the first time, which took a certain amount of time, then three times as long would be three times that duration, meaning more rings. But since the number of rings is dependent on how long Greg holds the alarm, longer duration could result in more rings.

Assuming that each ring takes about the same amount of time, say 't' seconds per ring, then the number of rings is proportional to the duration. So, if the first time it rang four times, taking 4t seconds, the second time it rang for three times as long, which would be 3*(4t) = 12t seconds, resulting in 12 rings. Similarly, the third time it rang half as long as the second time, which is (1/2)*12t = 6t seconds, leading to 6 rings.

Adding those up: 4 + 12 + 6 = 22 rings in total.

Alternatively, if ""three times as long"" refers to the number of rings, not the duration, then the second time it would ring 4*3=12 times, and the third time 12/2=6 times, totaling 4+12+6=22. Either way, the total is 22.

I think that makes sense. So, the alarm rings 4 times the first time, 12 times the second, and 6 times the third, totaling 22 rings.
</think>

The alarm rings 4 times the first time, 12 times the second time, and 6 times the third time. Adding these together gives a total of 22 rings.

####  
The total number of times the alarm rang is \boxed{22}.",22,TRUE,Settings_51
